{
  "utils/validator.js": 1668614182262,
  "controller/App.controller.js": 1668009825976,
  "i18n/i18n_en.properties": 1668009825968,
  "utils/locate-reuse-libs.js": 1668009825968,
  "model/models.js": 1668009825968,
  "controller/fleet.controller.js": 1668785276546,
  "manifest.json": 1669029282947,
  "Component.js": 1668009825964,
  "Component-preload.js": 1669029283459,
  "utils/validator-dbg.js": 1668614182262,
  "utils/locate-reuse-libs-dbg.js": 1668009825968,
  "model/models-dbg.js": 1668009825968,
  "controller/fleet-dbg.controller.js": 1668785276546,
  "controller/App-dbg.controller.js": 1668009825976,
  "Component-dbg.js": 1668009825964,
  "view/fleet.view.xml": 1669027327884,
  "view/App.view.xml": 1668009825980,
  "css/style.css": 1668009825976,
  "fragment/newVehicleDialog.fragment.xml": 1668711267411,
  "fragment/detailsVehicleDialog.fragment.xml": 1668783680606,
  "index.html": 1668262674682
}