{
  "controller/App.controller.js": 1668009825976,
  "utils/validator.js": 1668614182262,
  "manifest.json": 1669363548444,
  "utils/locate-reuse-libs.js": 1668009825968,
  "model/models.js": 1668009825968,
  "controller/fleet.controller.js": 1669144946084,
  "i18n/i18n_en.properties": 1668009825968,
  "Component.js": 1668009825964,
  "Component-preload.js": 1669363548868,
  "controller/App-dbg.controller.js": 1668009825976,
  "utils/locate-reuse-libs-dbg.js": 1668009825968,
  "model/models-dbg.js": 1668009825968,
  "controller/fleet-dbg.controller.js": 1669144946084,
  "utils/validator-dbg.js": 1668614182262,
  "Component-dbg.js": 1668009825964,
  "view/fleet.view.xml": 1669043116067,
  "view/App.view.xml": 1668009825980,
  "fragment/newVehicleDialog.fragment.xml": 1669051313134,
  "fragment/detailsVehicleDialog.fragment.xml": 1669110663216,
  "css/style.css": 1668009825976,
  "index.html": 1668262674682
}